,outer_eval_accuracy,outer_eval_accuracy,outer_eval_macro_f1,outer_eval_macro_f1,train_time_sec,train_time_sec
,mean,std,mean,std,mean,std
model,,,,,,
bert-base-uncased,0.9820238792433429,0.003382391953035928,0.9820687072051905,0.003620560811464889,13.611127932866415,3.2278736309676233
distilbert-base-uncased,0.9815728241746117,0.004734229173239134,0.9815335757700785,0.004977121050472011,10.576653242111206,2.3076257276508088
