model,fold,n_splits,eval_accuracy,eval_macro_f1,time_sec
TF-IDF + LogReg,1,5,0.9707865168539326,0.9698817538700739,2.44
TF-IDF + LogReg,2,5,0.9887640449438202,0.9889400764141556,1.92
TF-IDF + LogReg,3,5,0.9730337078651685,0.9730548109116984,1.97
TF-IDF + LogReg,4,5,0.9865168539325843,0.9858742261186029,1.83
TF-IDF + LogReg,5,5,0.9775280898876404,0.9773211642682762,2.06
