model,n_splits,acc_mean,acc_std,mf1_mean,mf1_std
distilbert-base-uncased,3,0.9802257215365456,0.003883693020030976,0.9798950623590773,0.004191004146699818
