model,fold,n_splits,max_length,epochs,batch_size,lr,eval_accuracy,eval_macro_f1,eval_loss
distilbert-base-uncased,1,3,256,2,16,2e-05,0.9757412398921833,0.9750572030517048,0.12415092438459396
distilbert-base-uncased,2,3,256,2,16,2e-05,0.9824797843665768,0.9824181733412614,0.10522148013114929
distilbert-base-uncased,3,3,256,2,16,2e-05,0.9824561403508771,0.9822098106842656,0.11135325580835342
