model,fold,n_splits,max_length,epochs,batch_size,lr,eval_accuracy,eval_macro_f1,eval_loss
distilbert-base-uncased,1,5,256,3,16,2e-05,0.9707865168539326,0.9703086051310346,0.11425045877695084
distilbert-base-uncased,2,5,256,3,16,2e-05,0.9887640449438202,0.9890814755563169,0.04509185627102852
distilbert-base-uncased,3,5,256,3,16,2e-05,0.9797752808988764,0.9801381883447821,0.08620492368936539
distilbert-base-uncased,4,5,256,3,16,2e-05,0.9887640449438202,0.9883089072350966,0.059310268610715866
distilbert-base-uncased,5,5,256,3,16,2e-05,0.9775280898876404,0.9775061608786156,0.10223868489265442
