Best_C,Test_Accuracy,Test_F1_Macro,Overall_Precision,Overall_Recall,Overall_F1
10.0,0.9910112359550561,0.9911892274336151,0.9907992512657444,0.9917366946778712,0.9911892274336151
