model,split,train_size,val_size,test_size,test_accuracy,test_macro_f1,training_time_min
BERT,60-20-20,1335,445,445,0.9775280898876404,0.9771323261504168,0.64
DistilBERT,60-20-20,1335,445,445,0.9865168539325844,0.9868283653762202,0.39
TF-IDF + LogReg,60-20-20,1335,445,445,0.9820224719101124,0.9820644005869406,
BERT,80-10-10,1780,222,223,0.9820627802690582,0.9824710471672706,0.78
DistilBERT,80-10-10,1779,223,223,0.9820627802690582,0.9824007651841224,0.49
TF-IDF + LogReg,80-10-10,1780,222,223,0.9910313901345292,0.9911779230210602,
